-- phpMyAdmin SQL Dump
-- version OVH
-- http://www.phpmyadmin.net
--
-- Host: mysql51-51.perso
-- Generation Time: Jan 08, 2012 at 06:14 PM
-- Server version: 5.1.49
-- PHP Version: 5.3.8

SET FOREIGN_KEY_CHECKS=0;
SET SQL_MODE="NO_AUTO_VALUE_ON_ZERO";
SET time_zone = "+00:00";

--
-- Database: `yannhuettest`
--

-- --------------------------------------------------------

--
-- Table structure for table `appearances`
--

CREATE TABLE IF NOT EXISTS `appearances` (
  `id` int(4) NOT NULL AUTO_INCREMENT,
  `character_id` int(4) NOT NULL,
  `game_id` decimal(10,0) NOT NULL,
  `role_id` int(2) NOT NULL,
  PRIMARY KEY (`id`),
  KEY `game_id` (`game_id`),
  KEY `role_id` (`role_id`),
  KEY `character_id` (`character_id`)
) ENGINE=InnoDB  DEFAULT CHARSET=utf8 COLLATE=utf8_bin AUTO_INCREMENT=65 ;

--
-- Dumping data for table `appearances`
--

INSERT INTO `appearances` (`id`, `character_id`, `game_id`, `role_id`) VALUES
(1, 8, '10', 8),
(4, 5, '10', 3),
(5, 5, '10', 4),
(6, 10, '10', 12),
(7, 10, '10', 13),
(8, 2, '10', 0),
(9, 4, '10', 2),
(10, 7, '10', 7),
(11, 6, '10', 6),
(12, 6, '10', 5),
(13, 1, '10', 0),
(14, 9, '10', 9),
(15, 9, '10', 10),
(16, 3, '10', 1),
(17, 11, '10', 14),
(18, 12, '7', 5),
(19, 12, '7', 6),
(20, 2, '7', 0),
(21, 1, '7', 0),
(22, 14, '7', 2),
(23, 13, '7', 3),
(24, 13, '7', 4),
(25, 15, '7', 1),
(26, 16, '7', 7),
(27, 17, '7', 8),
(28, 18, '7', 8),
(29, 19, '7', 8),
(30, 20, '7', 10),
(31, 20, '7', 9),
(32, 20, '7', 11),
(33, 13, '7', 13),
(34, 21, '7', 12),
(35, 23, '7', 16),
(36, 22, '7', 14),
(37, 22, '7', 15),
(38, 24, '7', 0),
(39, 1, '8', 0),
(40, 23, '8', 0),
(41, 2, '8', 0),
(42, 12, '8', 0),
(43, 20, '8', 0),
(44, 21, '8', 0),
(45, 24, '8', 0),
(46, 31, '8', 0),
(47, 33, '8', 2),
(48, 29, '8', 4),
(49, 28, '8', 6),
(50, 1, '8', 8),
(51, 2, '8', 8),
(52, 32, '8', 9),
(53, 30, '8', 10),
(54, 25, '8', 12),
(55, 27, '8', 12),
(56, 26, '8', 14),
(57, 28, '8', 13),
(58, 33, '0', 1),
(61, 29, '8', 3),
(62, 33, '8', 1),
(63, 28, '8', 5),
(64, 25, '8', 11);

-- --------------------------------------------------------

--
-- Table structure for table `characters`
--

CREATE TABLE IF NOT EXISTS `characters` (
  `id` int(4) NOT NULL AUTO_INCREMENT,
  `name` varchar(30) COLLATE utf8_bin NOT NULL,
  `elo` int(4) NOT NULL,
  `veteran` int(1) NOT NULL,
  `image` text COLLATE utf8_bin NOT NULL,
  `wins` int(11) NOT NULL,
  `draws` int(11) NOT NULL,
  `losses` int(11) NOT NULL,
  PRIMARY KEY (`id`)
) ENGINE=InnoDB  DEFAULT CHARSET=utf8 COLLATE=utf8_bin AUTO_INCREMENT=34 ;

--
-- Dumping data for table `characters`
--

INSERT INTO `characters` (`id`, `name`, `elo`, `veteran`, `image`, `wins`, `draws`, `losses`) VALUES
(1, 'Reimu Hakurei', 1499, 0, 'templates/images/characters/10_mof/reimu_hakurei.jpg', 22, 0, 10),
(2, 'Marisa Kirisame', 1499, 0, 'templates/images/characters/10_mof/marisa_kirisame.jpg', 19, 1, 10),
(3, 'Shizuha Aki', 1269, 0, 'templates/images/characters/10_mof/shizuha_aki.png', 4, 2, 19),
(4, 'Minoriko Aki', 1222, 0, 'templates/images/characters/10_mof/minoriko_aki.jpg', 3, 2, 24),
(5, 'Hina Kagiyama', 1343, 0, 'templates/images/characters/10_mof/hina_kagiyama.png', 6, 1, 11),
(6, 'Nitori Kawashiro', 1505, 0, 'templates/images/characters/10_mof/nitori_kawashiro.jpg', 14, 2, 5),
(7, 'Momiji Inubashiri', 1476, 0, 'templates/images/characters/10_mof/momiji_inubashiri.jpg', 18, 1, 10),
(8, 'Aya Shameimaru', 1416, 0, 'templates/images/characters/10_mof/aya_shameimaru.jpg', 14, 2, 12),
(9, 'Sanae Kochiya', 1452, 0, 'templates/images/characters/10_mof/sanae_kochiya.jpg', 10, 4, 10),
(10, 'Kanako Yasaka', 1489, 0, 'templates/images/characters/10_mof/kanako_yasaka.jpg', 15, 2, 8),
(11, 'Suwako Moriya', 1460, 0, 'templates/images/characters/10_mof/suwako_moriya.jpg', 11, 1, 9),
(12, 'Alice Margatroid', 1450, 0, 'templates/images/characters/07_pcb/alice_margatroid.jpg', 7, 1, 5),
(13, 'Chen', 1354, 0, 'templates/images/characters/07_pcb/chen.png', 1, 1, 5),
(14, 'Letty Whiterock', 1428, 0, 'templates/images/characters/07_pcb/letty_whiterock.jpg', 4, 1, 2),
(15, 'Cirno', 1388, 0, 'templates/images/characters/07_pcb/cirno.jpg', 4, 0, 5),
(16, 'Lily White', 1381, 0, 'templates/images/characters/07_pcb/lily_white.jpg', 2, 0, 4),
(17, 'Lyrica Prismriver', 1353, 0, 'templates/images/characters/07_pcb/lyrica_prismriver.png', 2, 0, 6),
(18, 'Lunasa Prismriver', 1254, 0, 'templates/images/characters/07_pcb/lunasa_prismriver.png', 0, 0, 13),
(19, 'Merlin Prismriver', 1445, 0, 'templates/images/characters/07_pcb/merlin_prismriver.png', 4, 0, 1),
(20, 'Youmu Konpaku', 1413, 0, 'templates/images/characters/07_pcb/youmu_konpaku.jpg', 2, 0, 1),
(21, 'Yuyuko Saigyouji', 1523, 0, 'templates/images/characters/07_pcb/yuyuko_saigyouji.jpg', 14, 0, 2),
(22, 'Ran Yakumo', 1392, 0, 'templates/images/characters/07_pcb/ran_yakumo.jpg', 2, 0, 2),
(23, 'Yukari Yakumo', 1399, 0, 'templates/images/characters/07_pcb/yukari_yakumo.jpg', 5, 0, 5),
(24, 'Sakuya Izayoi', 1426, 0, 'templates/images/characters/07_pcb/sakuya_izayoi.png', 5, 0, 3),
(25, 'Eirin Yagokoro', 1364, 0, 'templates/images/characters/08_in/eirin_yagokoro.jpg', 1, 0, 3),
(26, 'Fujiwara no Mokou', 1373, 0, 'templates/images/characters/08_in/fujiwara_no_mokou.jpg', 1, 0, 3),
(27, 'Kaguya Houraisan', 1392, 0, 'templates/images/characters/08_in/kaguya_houraisan.jpg', 1, 0, 2),
(28, 'Keine Kamishirasawa', 1377, 0, 'templates/images/characters/08_in/keine_kamishirasawa.jpg', 1, 0, 3),
(29, 'Mystia Lorelei', 1387, 0, 'templates/images/characters/08_in/mystia_lorelei.png', 2, 1, 2),
(30, 'Reisen Udongein Inaba', 1416, 0, 'templates/images/characters/08_in/reisen_udongein_inaba.jpg', 4, 0, 3),
(31, 'Remilia Scarlet', 1344, 0, 'templates/images/characters/08_in/remilia_scarlet.jpg', 1, 0, 5),
(32, 'Tewi Inaba', 1401, 0, 'templates/images/characters/08_in/tewi_inaba.jpg', 3, 0, 2),
(33, 'Wriggle Nightbug', 1439, 0, 'templates/images/characters/08_in/wriggle_nightbug.png', 3, 0, 0);

-- --------------------------------------------------------

--
-- Table structure for table `games`
--

CREATE TABLE IF NOT EXISTS `games` (
  `id` decimal(10,0) NOT NULL,
  `name` varchar(30) COLLATE utf8_bin NOT NULL,
  PRIMARY KEY (`id`)
) ENGINE=InnoDB DEFAULT CHARSET=utf8 COLLATE=utf8_bin;

--
-- Dumping data for table `games`
--

INSERT INTO `games` (`id`, `name`) VALUES
('7', 'Perfect Cherry Blossom'),
('8', 'Imperishable Night'),
('10', 'Mountain of Faith'),
('11', 'Subterranean Animism');

-- --------------------------------------------------------

--
-- Table structure for table `matches`
--

CREATE TABLE IF NOT EXISTS `matches` (
  `id` int(4) NOT NULL AUTO_INCREMENT,
  `winner_id` int(4) NOT NULL,
  `loser_id` int(4) NOT NULL,
  `draw` int(1) NOT NULL,
  `date_played` datetime NOT NULL,
  PRIMARY KEY (`id`),
  KEY `loser_id` (`loser_id`),
  KEY `winner_id` (`winner_id`)
) ENGINE=InnoDB  DEFAULT CHARSET=utf8 COLLATE=utf8_bin AUTO_INCREMENT=214 ;

--
-- Dumping data for table `matches`
--

INSERT INTO `matches` (`id`, `winner_id`, `loser_id`, `draw`, `date_played`) VALUES
(1, 21, 14, 0, '2011-12-23 00:43:36'),
(2, 17, 23, 0, '2011-12-23 00:43:40'),
(3, 19, 13, 0, '2011-12-23 00:43:47'),
(4, 1, 10, 0, '2011-12-23 00:43:49'),
(5, 14, 18, 0, '2011-12-23 00:44:21'),
(6, 7, 12, 0, '2011-12-23 00:44:24'),
(7, 14, 11, 1, '2011-12-23 00:50:46'),
(8, 5, 13, 1, '2011-12-23 00:50:48'),
(9, 13, 11, 1, '2011-12-23 00:52:46'),
(10, 6, 23, 0, '2011-12-23 00:53:16'),
(11, 3, 10, 1, '2011-12-23 00:53:29'),
(12, 14, 9, 1, '2011-12-23 00:53:37'),
(13, 21, 13, 0, '2011-12-23 00:53:39'),
(14, 10, 9, 0, '2011-12-23 00:53:41'),
(15, 8, 2, 0, '2011-12-23 00:53:46'),
(16, 12, 4, 1, '2011-12-23 01:35:40'),
(17, 20, 4, 0, '2011-12-23 01:35:45'),
(18, 7, 18, 0, '2011-12-23 01:35:49'),
(19, 8, 15, 0, '2011-12-23 01:35:52'),
(20, 17, 16, 0, '2011-12-23 01:35:55'),
(21, 9, 23, 0, '2011-12-23 01:35:57'),
(22, 1, 14, 0, '2011-12-23 01:35:59'),
(23, 4, 18, 0, '2011-12-23 01:36:02'),
(24, 12, 15, 0, '2011-12-23 01:36:04'),
(25, 21, 17, 0, '2011-12-23 01:36:06'),
(26, 6, 24, 0, '2011-12-23 01:36:13'),
(27, 24, 4, 0, '2011-12-23 02:04:38'),
(28, 21, 12, 0, '2011-12-23 02:04:40'),
(29, 2, 12, 0, '2011-12-23 02:04:44'),
(30, 5, 9, 0, '2011-12-23 02:13:16'),
(31, 8, 22, 0, '2011-12-23 02:34:46'),
(32, 3, 18, 0, '2011-12-23 02:34:50'),
(33, 24, 8, 0, '2011-12-23 02:34:53'),
(34, 8, 2, 0, '2011-12-23 02:34:58'),
(35, 2, 9, 0, '2011-12-23 02:37:41'),
(36, 1, 10, 0, '2011-12-23 02:37:45'),
(37, 1, 8, 0, '2011-12-23 02:38:09'),
(38, 6, 11, 0, '2011-12-23 02:39:37'),
(39, 5, 3, 0, '2011-12-23 02:39:39'),
(40, 4, 9, 0, '2011-12-24 22:16:23'),
(41, 16, 3, 0, '2011-12-24 22:16:29'),
(42, 5, 15, 0, '2011-12-25 20:26:54'),
(43, 21, 7, 0, '2011-12-25 21:46:12'),
(44, 21, 13, 0, '2011-12-26 02:04:10'),
(45, 21, 24, 0, '2011-12-26 02:04:20'),
(46, 3, 15, 0, '2011-12-26 02:04:25'),
(47, 19, 4, 0, '2011-12-26 02:04:29'),
(48, 21, 19, 0, '2011-12-26 02:04:30'),
(49, 1, 8, 0, '2011-12-31 23:27:54'),
(50, 7, 2, 0, '2011-12-31 23:30:06'),
(51, 1, 4, 0, '2011-12-31 23:30:07'),
(52, 2, 4, 0, '2011-12-31 23:30:39'),
(53, 10, 9, 0, '2011-12-31 23:30:40'),
(54, 1, 4, 0, '2011-12-31 23:30:42'),
(55, 1, 3, 0, '2011-12-31 23:30:43'),
(56, 6, 10, 0, '2011-12-31 23:30:46'),
(57, 10, 3, 0, '2011-12-31 23:32:42'),
(58, 10, 11, 0, '2011-12-31 23:33:44'),
(59, 1, 10, 0, '2011-12-31 23:34:16'),
(60, 1, 6, 0, '2011-12-31 23:34:19'),
(61, 7, 2, 0, '2011-12-31 23:34:22'),
(62, 11, 3, 0, '2011-12-31 23:34:41'),
(63, 1, 3, 0, '2011-12-31 23:35:12'),
(64, 1, 7, 0, '2011-12-31 23:35:47'),
(65, 5, 3, 1, '2011-12-31 23:38:59'),
(66, 2, 10, 0, '2011-12-31 23:40:18'),
(67, 10, 11, 0, '2011-12-31 23:40:23'),
(68, 8, 4, 0, '2011-12-31 23:40:26'),
(69, 10, 1, 0, '2011-12-31 23:40:30'),
(70, 2, 9, 1, '2011-12-31 23:40:36'),
(71, 8, 3, 0, '2011-12-31 23:40:39'),
(72, 10, 9, 1, '2011-12-31 23:40:43'),
(73, 7, 11, 0, '2011-12-31 23:40:46'),
(74, 7, 3, 0, '2011-12-31 23:40:48'),
(75, 2, 5, 0, '2011-12-31 23:40:51'),
(76, 2, 4, 0, '2011-12-31 23:40:59'),
(77, 9, 3, 0, '2011-12-31 23:41:01'),
(78, 7, 10, 0, '2011-12-31 23:41:03'),
(79, 8, 2, 0, '2011-12-31 23:41:04'),
(80, 8, 9, 1, '2011-12-31 23:41:07'),
(81, 7, 9, 0, '2011-12-31 23:41:09'),
(82, 10, 11, 0, '2011-12-31 23:41:12'),
(83, 8, 1, 0, '2011-12-31 23:41:15'),
(84, 8, 2, 0, '2011-12-31 23:41:17'),
(85, 1, 4, 0, '2011-12-31 23:41:20'),
(86, 9, 1, 0, '2011-12-31 23:41:21'),
(87, 5, 7, 0, '2011-12-31 23:41:22'),
(88, 8, 5, 0, '2011-12-31 23:41:25'),
(89, 10, 3, 0, '2011-12-31 23:41:27'),
(90, 7, 9, 0, '2011-12-31 23:41:28'),
(91, 8, 5, 0, '2011-12-31 23:41:30'),
(92, 7, 2, 0, '2011-12-31 23:41:37'),
(93, 2, 6, 0, '2011-12-31 23:41:41'),
(94, 2, 6, 0, '2011-12-31 23:41:43'),
(95, 8, 1, 0, '2011-12-31 23:41:45'),
(96, 2, 4, 0, '2011-12-31 23:41:47'),
(97, 7, 8, 0, '2011-12-31 23:41:48'),
(98, 11, 1, 0, '2011-12-31 23:41:50'),
(99, 6, 4, 0, '2011-12-31 23:41:51'),
(100, 11, 1, 0, '2011-12-31 23:42:02'),
(101, 6, 5, 0, '2011-12-31 23:42:04'),
(102, 7, 9, 0, '2011-12-31 23:42:05'),
(103, 6, 8, 0, '2011-12-31 23:42:06'),
(104, 8, 6, 0, '2011-12-31 23:42:09'),
(105, 7, 3, 0, '2011-12-31 23:42:11'),
(106, 2, 8, 0, '2011-12-31 23:42:14'),
(107, 2, 4, 0, '2011-12-31 23:42:15'),
(108, 10, 1, 0, '2011-12-31 23:42:16'),
(109, 3, 4, 0, '2011-12-31 23:42:19'),
(110, 10, 8, 0, '2011-12-31 23:42:21'),
(111, 10, 4, 0, '2011-12-31 23:42:23'),
(112, 1, 4, 0, '2011-12-31 23:42:26'),
(113, 2, 11, 0, '2011-12-31 23:45:26'),
(114, 2, 5, 0, '2011-12-31 23:45:46'),
(115, 9, 5, 0, '2011-12-31 23:45:55'),
(116, 11, 4, 0, '2011-12-31 23:49:29'),
(117, 11, 2, 0, '2011-12-31 23:49:32'),
(118, 1, 3, 0, '2011-12-31 23:49:36'),
(119, 1, 8, 0, '2011-12-31 23:50:06'),
(120, 9, 2, 0, '2011-12-31 23:50:13'),
(121, 10, 9, 0, '2011-12-31 23:51:15'),
(122, 10, 5, 0, '2011-12-31 23:51:53'),
(123, 6, 7, 0, '2011-12-31 23:52:28'),
(124, 1, 7, 0, '2011-12-31 23:52:34'),
(125, 8, 6, 1, '2011-12-31 23:52:37'),
(126, 2, 5, 0, '2011-12-31 23:55:07'),
(127, 11, 7, 0, '2011-12-31 23:57:25'),
(128, 2, 11, 0, '2011-12-31 23:57:28'),
(129, 9, 7, 0, '2011-12-31 23:57:46'),
(130, 8, 7, 0, '2011-12-31 23:57:50'),
(131, 11, 10, 0, '2011-12-31 23:58:08'),
(132, 2, 5, 0, '2011-12-31 23:58:12'),
(133, 9, 10, 0, '2011-12-31 23:58:14'),
(134, 6, 4, 0, '2011-12-31 23:58:44'),
(135, 6, 7, 0, '2011-12-31 23:58:47'),
(136, 6, 7, 0, '2011-12-31 23:58:50'),
(137, 1, 8, 0, '2011-12-31 23:58:52'),
(138, 2, 8, 0, '2011-12-31 23:59:05'),
(139, 6, 7, 1, '2011-12-31 23:59:08'),
(140, 9, 4, 0, '2011-12-31 23:59:18'),
(141, 13, 16, 0, '2012-01-01 21:04:48'),
(142, 21, 17, 0, '2012-01-01 21:04:50'),
(143, 23, 20, 0, '2012-01-01 21:04:53'),
(144, 15, 18, 0, '2012-01-01 21:04:58'),
(145, 23, 12, 0, '2012-01-01 21:05:00'),
(146, 7, 23, 0, '2012-01-03 08:55:29'),
(147, 20, 17, 0, '2012-01-03 08:55:56'),
(148, 21, 3, 0, '2012-01-03 08:56:00'),
(149, 1, 17, 0, '2012-01-03 08:59:09'),
(150, 1, 11, 0, '2012-01-03 08:59:13'),
(151, 11, 27, 0, '2012-01-03 19:08:09'),
(152, 24, 4, 0, '2012-01-03 19:08:17'),
(153, 10, 28, 0, '2012-01-03 19:20:50'),
(154, 31, 12, 0, '2012-01-04 16:57:55'),
(155, 32, 13, 0, '2012-01-04 17:02:12'),
(156, 28, 17, 0, '2012-01-04 17:02:20'),
(157, 12, 21, 0, '2012-01-04 17:02:54'),
(158, 2, 27, 0, '2012-01-04 17:03:03'),
(159, 26, 31, 0, '2012-01-04 17:03:10'),
(160, 23, 4, 0, '2012-01-04 17:03:16'),
(161, 33, 3, 0, '2012-01-04 17:03:21'),
(162, 14, 18, 0, '2012-01-04 17:03:25'),
(163, 11, 1, 0, '2012-01-04 17:03:30'),
(164, 12, 26, 0, '2012-01-04 17:03:39'),
(165, 14, 26, 0, '2012-01-04 17:03:42'),
(166, 21, 8, 0, '2012-01-04 17:03:46'),
(167, 30, 3, 0, '2012-01-04 17:04:19'),
(168, 24, 5, 0, '2012-01-04 17:04:24'),
(169, 12, 31, 0, '2012-01-04 17:04:31'),
(170, 19, 25, 0, '2012-01-04 17:04:35'),
(171, 32, 17, 0, '2012-01-04 17:04:38'),
(172, 30, 18, 0, '2012-01-04 17:04:41'),
(173, 23, 18, 0, '2012-01-04 17:04:43'),
(174, 7, 30, 0, '2012-01-04 17:04:47'),
(175, 6, 31, 0, '2012-01-04 17:04:49'),
(176, 1, 16, 0, '2012-01-04 17:04:56'),
(177, 6, 3, 0, '2012-01-04 17:04:58'),
(178, 3, 32, 0, '2012-01-04 17:05:01'),
(179, 7, 32, 0, '2012-01-04 17:05:02'),
(180, 33, 24, 0, '2012-01-04 17:05:05'),
(181, 30, 21, 0, '2012-01-04 17:05:07'),
(182, 1, 18, 0, '2012-01-04 17:05:09'),
(183, 25, 31, 0, '2012-01-04 17:05:14'),
(184, 19, 23, 0, '2012-01-04 17:05:16'),
(185, 33, 15, 0, '2012-01-04 17:05:19'),
(186, 11, 4, 0, '2012-01-04 17:05:21'),
(187, 15, 3, 0, '2012-01-04 17:05:23'),
(188, 7, 28, 0, '2012-01-04 17:05:26'),
(189, 16, 1, 0, '2012-01-04 17:05:31'),
(190, 24, 26, 0, '2012-01-04 17:05:35'),
(191, 5, 31, 0, '2012-01-04 17:05:45'),
(192, 29, 18, 0, '2012-01-04 17:05:52'),
(193, 22, 4, 0, '2012-01-04 17:05:54'),
(194, 15, 4, 0, '2012-01-04 17:05:56'),
(195, 9, 8, 0, '2012-01-04 17:08:40'),
(196, 12, 25, 0, '2012-01-04 17:08:50'),
(197, 9, 30, 0, '2012-01-04 17:08:52'),
(198, 12, 22, 0, '2012-01-04 17:08:54'),
(199, 32, 4, 0, '2012-01-04 17:09:07'),
(200, 11, 18, 0, '2012-01-04 17:09:09'),
(201, 27, 29, 0, '2012-01-04 17:09:13'),
(202, 22, 18, 0, '2012-01-04 17:09:15'),
(203, 6, 2, 0, '2012-01-04 17:09:17'),
(204, 21, 3, 0, '2012-01-04 17:09:19'),
(205, 12, 6, 0, '2012-01-04 17:09:21'),
(206, 21, 30, 0, '2012-01-04 17:11:52'),
(207, 10, 1, 0, '2012-01-04 17:11:55'),
(208, 15, 16, 0, '2012-01-04 17:12:02'),
(209, 4, 25, 0, '2012-01-04 17:21:19'),
(210, 30, 28, 0, '2012-01-04 18:43:51'),
(211, 23, 5, 0, '2012-01-04 18:47:17'),
(212, 7, 3, 0, '2012-01-04 18:47:19'),
(213, 4, 29, 1, '2012-01-04 18:47:21');

-- --------------------------------------------------------

--
-- Table structure for table `records`
--

CREATE TABLE IF NOT EXISTS `records` (
  `id` int(11) NOT NULL AUTO_INCREMENT,
  `character_id` int(11) NOT NULL,
  `game_id` decimal(10,0) NOT NULL,
  `elo` int(4) NOT NULL,
  `wins` int(11) NOT NULL,
  `draws` int(11) NOT NULL,
  `losses` int(11) NOT NULL,
  `veteran` int(1) NOT NULL,
  PRIMARY KEY (`id`),
  KEY `character_id` (`character_id`),
  KEY `game_id` (`game_id`)
) ENGINE=InnoDB  DEFAULT CHARSET=utf8 COLLATE=utf8_bin AUTO_INCREMENT=49 ;

--
-- Dumping data for table `records`
--

INSERT INTO `records` (`id`, `character_id`, `game_id`, `elo`, `wins`, `draws`, `losses`, `veteran`) VALUES
(4, 5, '10', 1323, 2, 1, 9, 0),
(6, 10, '10', 1477, 13, 2, 6, 0),
(7, 2, '10', 1477, 15, 2, 8, 0),
(8, 4, '10', 1239, 1, 0, 16, 0),
(9, 7, '10', 1414, 12, 1, 9, 0),
(10, 6, '10', 1495, 11, 2, 4, 0),
(11, 1, '10', 1451, 15, 2, 9, 0),
(12, 9, '10', 1454, 8, 4, 6, 0),
(13, 3, '10', 1278, 1, 1, 13, 0),
(14, 11, '10', 1441, 9, 0, 8, 0),
(15, 12, '7', 1419, 2, 0, 1, 0),
(16, 2, '7', 1400, 0, 0, 0, 0),
(17, 1, '7', 1423, 3, 0, 1, 0),
(18, 14, '7', 1414, 1, 0, 0, 0),
(19, 13, '7', 1402, 1, 0, 1, 0),
(20, 15, '7', 1429, 2, 0, 0, 0),
(21, 16, '7', 1377, 1, 0, 3, 0),
(22, 17, '7', 1360, 0, 0, 3, 0),
(23, 18, '7', 1335, 0, 0, 5, 0),
(24, 19, '7', 1404, 1, 0, 1, 0),
(25, 20, '7', 1401, 1, 0, 1, 0),
(26, 21, '7', 1439, 5, 0, 1, 0),
(27, 23, '7', 1425, 3, 0, 1, 0),
(28, 22, '7', 1399, 1, 0, 1, 0),
(29, 24, '7', 1386, 0, 0, 1, 0),
(30, 8, '10', 1407, 10, 3, 9, 0),
(31, 1, '8', 1400, 0, 0, 0, 0),
(32, 23, '8', 1400, 0, 0, 0, 0),
(33, 2, '8', 1415, 1, 0, 0, 0),
(34, 12, '8', 1446, 4, 0, 1, 0),
(35, 20, '8', 1400, 0, 0, 0, 0),
(36, 21, '8', 1388, 1, 0, 2, 0),
(37, 24, '8', 1402, 1, 0, 1, 0),
(38, 31, '8', 1372, 1, 0, 3, 0),
(39, 33, '8', 1415, 1, 0, 0, 0),
(40, 29, '8', 1385, 0, 0, 1, 0),
(41, 28, '8', 1386, 0, 0, 1, 0),
(42, 32, '8', 1400, 0, 0, 0, 0),
(43, 30, '8', 1413, 2, 0, 1, 0),
(44, 25, '8', 1400, 1, 0, 1, 0),
(45, 27, '8', 1402, 1, 0, 1, 0),
(46, 26, '8', 1386, 1, 0, 2, 0),
(47, 33, '7', 1400, 0, 0, 0, 0),
(48, 29, '7', 1400, 0, 0, 0, 0);

-- --------------------------------------------------------

--
-- Table structure for table `roles`
--

CREATE TABLE IF NOT EXISTS `roles` (
  `id` int(11) NOT NULL AUTO_INCREMENT,
  `name` varchar(50) COLLATE utf8_bin NOT NULL,
  PRIMARY KEY (`id`)
) ENGINE=InnoDB  DEFAULT CHARSET=utf8 COLLATE=utf8_bin AUTO_INCREMENT=17 ;

--
-- Dumping data for table `roles`
--

INSERT INTO `roles` (`id`, `name`) VALUES
(0, 'Personnage jouable'),
(1, 'Stage 1 : Midboss'),
(2, 'Stage 1 : Boss'),
(3, 'Stage 2 : Midboss'),
(4, 'Stage 2 : Boss'),
(5, 'Stage 3 : Midboss'),
(6, 'Stage 3 : Boss'),
(7, 'Stage 4 : Midboss'),
(8, 'Stage 4 : Boss'),
(9, 'Stage 5 : Midboss'),
(10, 'Stage 5 : Boss'),
(11, 'Stage 6 : Midboss'),
(12, 'Stage 6 : Boss'),
(13, 'Extra Stage : Midboss'),
(14, 'Extra Stage : Boss'),
(15, 'Phantasm Stage : Midboss'),
(16, 'Phantasm Stage : Boss');

-- --------------------------------------------------------

--
-- Table structure for table `users`
--

CREATE TABLE IF NOT EXISTS `users` (
  `id` int(11) NOT NULL AUTO_INCREMENT,
  `name` text COLLATE utf8_bin NOT NULL,
  `password` text COLLATE utf8_bin NOT NULL,
  `user_hash` text COLLATE utf8_bin NOT NULL,
  PRIMARY KEY (`id`)
) ENGINE=MyISAM  DEFAULT CHARSET=utf8 COLLATE=utf8_bin AUTO_INCREMENT=3 ;

--
-- Dumping data for table `users`
--

INSERT INTO `users` (`id`, `name`, `password`, `user_hash`) VALUES
(1, 'Nate', '859064f832376637d562c723cf6980d2', '8878e7050143a0fe4020498043fcc0da');
